City,Route,Hour,Day_of_Week,Road_Type,Vehicle_Count,Average_Speed_kmph,Congestion_Level,Best_Route
Pune,Route_A,11,1,Highway,2340,51.08,High,Route_D
Chennai,Route_B,6,6,Rural,1778,44.27,Medium,Route_B
Bangalore,Route_D,10,6,Rural,715,28.93,Low,Route_C
Pune,Route_B,0,4,Highway,505,40.24,Low,Route_C
Kolkata,Route_A,5,4,Highway,1849,42.69,High,Route_D
Ahmedabad,Route_B,14,4,Highway,2868,20.06,High,Route_D
Bangalore,Route_A,14,1,Urban,192,28.63,Low,Route_C
Bangalore,Route_B,18,7,Urban,2577,64.36,High,Route_D
Pune,Route_A,10,4,Urban,753,73.68,Low,Route_A
Mumbai,Route_A,22,1,Highway,533,31.98,Low,Route_C
Kolkata,Route_A,1,4,Rural,1235,28.02,Medium,Route_B
Pune,Route_D,13,5,Highway,474,19.64,Low,Route_C
Kolkata,Route_B,1,6,Urban,1166,55.89,Medium,Route_B
Kolkata,Route_B,3,4,Urban,306,29.23,Low,Route_C
Ahmedabad,Route_B,16,2,Highway,879,79.08,Medium,Route_B
Bangalore,Route_A,2,6,Highway,1419,29.43,Medium,Route_B
Chennai,Route_B,12,6,Urban,1241,34.56,Medium,Route_B
Ahmedabad,Route_B,8,4,Urban,631,50.25,Low,Route_A
Ahmedabad,Route_A,6,7,Urban,2313,65.13,High,Route_D
Kolkata,Route_C,14,3,Highway,2790,40.21,High,Route_D
Hyderabad,Route_A,22,7,Urban,189,36.7,Low,Route_C
Bangalore,Route_B,10,4,Urban,1217,79.67,Medium,Route_B
Mumbai,Route_A,19,6,Rural,112,5.79,Low,Route_C
Ahmedabad,Route_C,1,2,Highway,1957,72.13,High,Route_D
Chennai,Route_A,14,6,Rural,904,16.19,Medium,Route_B
Hyderabad,Route_B,13,7,Rural,1044,63.94,Medium,Route_B
Hyderabad,Route_C,19,2,Urban,2889,51.34,High,Route_D
Mumbai,Route_D,21,1,Highway,1957,30.64,High,Route_D
Ahmedabad,Route_B,10,5,Urban,1710,70.54,Medium,Route_B
Chennai,Route_C,2,6,Highway,2059,5.97,High,Route_D
Bangalore,Route_C,16,4,Rural,2807,22.0,High,Route_D
Delhi,Route_D,11,1,Highway,1152,47.52,Medium,Route_B
Chennai,Route_A,23,5,Urban,395,31.37,Low,Route_C
Mumbai,Route_A,20,4,Urban,1025,50.78,Medium,Route_B
Hyderabad,Route_B,14,3,Urban,739,6.81,Low,Route_C
Bangalore,Route_D,15,4,Highway,2487,13.73,High,Route_D
Chennai,Route_A,4,2,Rural,727,14.53,Low,Route_C
Delhi,Route_D,19,2,Rural,2586,19.2,High,Route_D
Delhi,Route_A,5,3,Highway,1267,39.45,Medium,Route_B
Kolkata,Route_C,18,1,Urban,1041,61.41,Medium,Route_B
Kolkata,Route_A,4,5,Rural,929,72.92,Medium,Route_B
Pune,Route_D,2,4,Urban,1870,67.65,High,Route_D
Mumbai,Route_C,0,2,Highway,2666,19.77,High,Route_D
Ahmedabad,Route_C,5,1,Urban,1075,38.09,Medium,Route_B
Chennai,Route_C,14,3,Rural,1054,19.96,Medium,Route_B
Chennai,Route_D,1,7,Rural,1362,24.84,Medium,Route_B
Ahmedabad,Route_B,2,6,Urban,1051,42.77,Medium,Route_B
Pune,Route_B,16,7,Highway,1043,10.11,Medium,Route_B
Hyderabad,Route_B,23,7,Urban,2302,21.36,High,Route_D
Hyderabad,Route_D,11,2,Highway,1304,75.15,Medium,Route_B
Pune,Route_C,17,3,Urban,2235,39.96,High,Route_D
Hyderabad,Route_B,14,4,Rural,1634,38.4,Medium,Route_B
Kolkata,Route_D,11,7,Highway,1196,6.09,Medium,Route_B
Chennai,Route_B,15,7,Highway,278,23.55,Low,Route_C
Pune,Route_A,7,5,Highway,2359,69.97,High,Route_D
Chennai,Route_B,13,2,Rural,1928,17.35,High,Route_D
Ahmedabad,Route_B,16,2,Urban,1357,36.13,Medium,Route_B
Delhi,Route_C,20,4,Rural,564,6.07,Low,Route_C
Kolkata,Route_D,7,6,Highway,1874,40.88,High,Route_D
Bangalore,Route_C,14,1,Urban,2778,6.58,High,Route_D
Kolkata,Route_C,13,5,Rural,2972,66.47,High,Route_D
Pune,Route_C,17,2,Highway,1330,66.86,Medium,Route_B
Bangalore,Route_C,19,5,Highway,2754,64.08,High,Route_D
Delhi,Route_C,6,2,Rural,984,26.25,Medium,Route_B
Pune,Route_B,2,5,Rural,2513,67.79,High,Route_D
Mumbai,Route_C,11,3,Rural,2423,45.72,High,Route_D
Chennai,Route_C,20,7,Highway,2527,33.04,High,Route_D
Delhi,Route_D,23,2,Rural,1432,51.9,Medium,Route_B
Chennai,Route_A,2,5,Highway,1754,5.93,Medium,Route_B
Hyderabad,Route_B,19,1,Rural,1044,15.72,Medium,Route_B
Mumbai,Route_B,13,3,Highway,2957,60.67,High,Route_D
Mumbai,Route_B,14,3,Highway,1024,23.31,Medium,Route_B
Delhi,Route_C,13,1,Urban,2038,49.85,High,Route_D
Mumbai,Route_C,6,5,Rural,593,33.88,Low,Route_C
Bangalore,Route_C,16,4,Rural,1646,69.11,Medium,Route_B
Mumbai,Route_D,11,1,Highway,2069,76.43,High,Route_D
Chennai,Route_A,19,5,Highway,1194,71.27,Medium,Route_B
Chennai,Route_C,3,1,Highway,2511,25.3,High,Route_D
Pune,Route_A,8,1,Urban,2717,19.56,High,Route_D
Chennai,Route_D,5,2,Urban,1925,40.58,High,Route_D
Pune,Route_B,15,5,Highway,862,5.55,Medium,Route_B
Chennai,Route_C,21,4,Rural,2423,6.94,High,Route_D
Bangalore,Route_A,21,7,Rural,149,46.5,Low,Route_C
Ahmedabad,Route_A,20,2,Urban,2875,44.03,High,Route_D
Pune,Route_C,20,1,Urban,1005,79.59,Medium,Route_B
Kolkata,Route_B,1,7,Highway,663,20.14,Low,Route_C
Hyderabad,Route_B,23,6,Rural,882,24.36,Medium,Route_B
Delhi,Route_B,7,7,Highway,2632,13.52,High,Route_D
Chennai,Route_D,10,1,Urban,2140,73.82,High,Route_D
Mumbai,Route_A,12,1,Rural,1931,63.34,High,Route_D
Ahmedabad,Route_A,16,5,Rural,683,66.68,Low,Route_A
Chennai,Route_A,7,5,Urban,1419,72.71,Medium,Route_B
Mumbai,Route_D,20,2,Highway,335,44.37,Low,Route_C
Hyderabad,Route_A,17,4,Highway,2203,38.84,High,Route_D
Hyderabad,Route_D,17,2,Rural,2042,29.78,High,Route_D
Hyderabad,Route_B,13,3,Urban,459,49.19,Low,Route_C
Mumbai,Route_C,14,1,Rural,2030,39.07,High,Route_D
Chennai,Route_A,5,7,Urban,209,38.87,Low,Route_C
Hyderabad,Route_A,10,6,Highway,291,75.27,Low,Route_A
Bangalore,Route_B,12,1,Urban,1003,78.8,Medium,Route_B
Pune,Route_C,0,1,Highway,1216,64.74,Medium,Route_B
Mumbai,Route_D,5,2,Urban,961,61.76,Medium,Route_B
Mumbai,Route_C,8,6,Rural,2715,56.04,High,Route_D
Chennai,Route_B,7,6,Highway,1183,17.46,Medium,Route_B
Mumbai,Route_B,10,6,Rural,749,9.43,Low,Route_C
Mumbai,Route_C,21,2,Rural,138,56.8,Low,Route_A
Hyderabad,Route_D,18,1,Highway,736,59.66,Low,Route_A
Chennai,Route_D,23,2,Highway,1136,8.52,Medium,Route_B
Hyderabad,Route_A,8,5,Rural,135,74.6,Low,Route_A
Pune,Route_D,16,5,Rural,2248,11.84,High,Route_D
Ahmedabad,Route_C,11,2,Rural,1461,26.44,Medium,Route_B
Pune,Route_B,13,6,Rural,2083,55.43,High,Route_D
Ahmedabad,Route_A,14,1,Highway,265,17.74,Low,Route_C
Hyderabad,Route_A,15,2,Highway,2530,9.16,High,Route_D
Pune,Route_B,21,2,Rural,1979,29.84,High,Route_D
Chennai,Route_D,21,2,Urban,2937,62.45,High,Route_D
Delhi,Route_B,19,3,Urban,130,36.03,Low,Route_C
Hyderabad,Route_D,0,5,Highway,110,53.97,Low,Route_A
Ahmedabad,Route_B,9,7,Rural,2111,48.47,High,Route_D
Bangalore,Route_C,7,6,Rural,2243,6.67,High,Route_D
Ahmedabad,Route_D,17,4,Highway,2600,79.14,High,Route_D
Bangalore,Route_C,0,7,Urban,2339,8.11,High,Route_D
Mumbai,Route_A,1,6,Urban,585,77.59,Low,Route_A
Pune,Route_B,0,4,Urban,1389,46.24,Medium,Route_B
Bangalore,Route_A,0,3,Highway,1547,77.24,Medium,Route_B
Ahmedabad,Route_A,8,2,Urban,2385,13.61,High,Route_D
Mumbai,Route_A,12,3,Highway,2043,41.78,High,Route_D
Delhi,Route_A,0,3,Highway,2063,17.71,High,Route_D
Chennai,Route_B,12,7,Rural,1951,8.82,High,Route_D
Chennai,Route_A,19,1,Urban,1569,51.31,Medium,Route_B
Chennai,Route_B,21,7,Highway,1466,20.58,Medium,Route_B
Bangalore,Route_B,6,5,Urban,2882,49.08,High,Route_D
Delhi,Route_C,1,4,Urban,1090,13.43,Medium,Route_B
Bangalore,Route_D,5,2,Rural,924,29.9,Medium,Route_B
Pune,Route_D,6,7,Urban,1562,63.62,Medium,Route_B
Bangalore,Route_B,13,4,Rural,2253,37.78,High,Route_D
Delhi,Route_C,17,6,Highway,2328,52.08,High,Route_D
Delhi,Route_B,14,4,Urban,2331,53.56,High,Route_D
Pune,Route_B,1,6,Highway,325,68.28,Low,Route_A
Delhi,Route_B,9,7,Urban,876,29.37,Medium,Route_B
Ahmedabad,Route_C,22,5,Highway,2937,56.55,High,Route_D
Delhi,Route_D,11,7,Urban,1212,77.12,Medium,Route_B
Chennai,Route_C,16,6,Urban,787,59.77,Low,Route_A
Ahmedabad,Route_A,7,4,Urban,629,41.74,Low,Route_C
Ahmedabad,Route_C,10,4,Urban,1071,52.3,Medium,Route_B
Pune,Route_C,2,6,Urban,1035,60.48,Medium,Route_B
Kolkata,Route_C,5,3,Urban,1522,50.92,Medium,Route_B
Kolkata,Route_C,8,5,Urban,2253,6.25,High,Route_D
Delhi,Route_D,5,1,Urban,1394,19.61,Medium,Route_B
Ahmedabad,Route_A,8,2,Urban,2098,65.79,High,Route_D
Kolkata,Route_D,6,4,Highway,2978,25.45,High,Route_D
Kolkata,Route_D,8,2,Rural,1626,59.87,Medium,Route_B
Delhi,Route_C,17,1,Urban,778,32.91,Low,Route_C
Kolkata,Route_B,11,7,Rural,2996,44.14,High,Route_D
Bangalore,Route_B,7,2,Urban,2540,10.1,High,Route_D
Mumbai,Route_D,7,1,Urban,139,18.59,Low,Route_C
Pune,Route_D,17,6,Highway,2807,76.79,High,Route_D
Mumbai,Route_C,19,3,Highway,1205,71.76,Medium,Route_B
Delhi,Route_D,14,4,Rural,944,53.92,Medium,Route_B
Chennai,Route_C,6,1,Highway,1843,39.47,High,Route_D
Pune,Route_B,10,2,Highway,2348,55.68,High,Route_D
Delhi,Route_B,19,4,Rural,546,51.4,Low,Route_A
Ahmedabad,Route_A,15,3,Highway,1334,47.64,Medium,Route_B
Chennai,Route_B,3,6,Urban,2591,9.44,High,Route_D
Mumbai,Route_D,5,7,Rural,1450,52.46,Medium,Route_B
Delhi,Route_B,21,4,Rural,2908,62.67,High,Route_D
Ahmedabad,Route_C,2,7,Urban,326,79.56,Low,Route_A
Pune,Route_B,8,1,Highway,147,5.83,Low,Route_C
Pune,Route_A,9,3,Rural,1562,59.76,Medium,Route_B
Hyderabad,Route_B,13,2,Rural,1930,47.88,High,Route_D
Ahmedabad,Route_C,10,3,Urban,286,37.55,Low,Route_C
Bangalore,Route_C,17,3,Urban,2492,14.57,High,Route_D
Kolkata,Route_D,21,5,Highway,2371,35.68,High,Route_D
Chennai,Route_B,11,3,Rural,2977,31.58,High,Route_D
Ahmedabad,Route_C,22,3,Highway,2635,27.71,High,Route_D
Hyderabad,Route_A,11,4,Highway,2032,59.82,High,Route_D
Kolkata,Route_D,12,2,Urban,948,57.55,Medium,Route_B
Kolkata,Route_A,12,4,Rural,2132,49.18,High,Route_D
Delhi,Route_B,18,4,Rural,1352,75.4,Medium,Route_B
Kolkata,Route_B,18,1,Rural,1513,31.24,Medium,Route_B
Bangalore,Route_B,22,4,Urban,1078,23.29,Medium,Route_B
Pune,Route_D,13,5,Urban,1712,54.19,Medium,Route_B
Hyderabad,Route_C,3,5,Urban,1116,19.91,Medium,Route_B
Kolkata,Route_D,12,7,Urban,2335,28.63,High,Route_D
Delhi,Route_A,7,1,Urban,1981,21.85,High,Route_D
Bangalore,Route_D,22,7,Rural,369,10.19,Low,Route_C
Mumbai,Route_A,20,7,Highway,1730,67.06,Medium,Route_B
Pune,Route_D,22,6,Rural,409,24.09,Low,Route_C
Pune,Route_C,18,2,Highway,2143,40.48,High,Route_D
Hyderabad,Route_A,11,2,Urban,1674,8.25,Medium,Route_B
Pune,Route_B,17,4,Highway,1195,57.45,Medium,Route_B
Kolkata,Route_B,5,4,Rural,2992,29.79,High,Route_D
Delhi,Route_D,17,6,Rural,1795,60.86,Medium,Route_B
Pune,Route_B,18,4,Highway,2633,35.93,High,Route_D
Pune,Route_A,21,2,Urban,1545,19.68,Medium,Route_B
Mumbai,Route_B,4,7,Urban,2267,43.49,High,Route_D
Mumbai,Route_C,23,3,Rural,319,14.79,Low,Route_C
Chennai,Route_C,8,5,Highway,152,38.04,Low,Route_C
Bangalore,Route_D,2,3,Urban,1857,28.8,High,Route_D
Kolkata,Route_A,9,3,Urban,1574,73.4,Medium,Route_B
Pune,Route_C,18,2,Rural,1766,9.57,Medium,Route_B
Ahmedabad,Route_C,2,3,Urban,1360,57.05,Medium,Route_B
Pune,Route_A,21,6,Highway,2905,18.71,High,Route_D
Delhi,Route_B,14,1,Rural,2885,28.93,High,Route_D
Chennai,Route_B,0,4,Rural,819,36.16,Medium,Route_B
Bangalore,Route_D,6,1,Highway,505,73.1,Low,Route_A
Ahmedabad,Route_B,11,7,Rural,2755,23.19,High,Route_D
Chennai,Route_A,16,5,Urban,2569,11.85,High,Route_D
Hyderabad,Route_C,20,4,Urban,2859,28.9,High,Route_D
Bangalore,Route_B,23,3,Highway,2394,12.85,High,Route_D
Pune,Route_D,19,5,Urban,171,14.64,Low,Route_C
Pune,Route_B,4,4,Highway,1953,48.04,High,Route_D
Bangalore,Route_A,3,6,Highway,2332,9.57,High,Route_D
Pune,Route_D,11,6,Urban,2153,7.32,High,Route_D
Kolkata,Route_B,19,6,Highway,1329,58.58,Medium,Route_B
Bangalore,Route_D,23,6,Urban,1667,32.12,Medium,Route_B
Chennai,Route_A,17,3,Rural,486,14.4,Low,Route_C
Bangalore,Route_C,16,1,Rural,1891,24.02,High,Route_D
Ahmedabad,Route_A,18,4,Highway,798,53.16,Low,Route_A
Pune,Route_A,8,3,Urban,1300,25.67,Medium,Route_B
Kolkata,Route_A,3,6,Urban,926,42.09,Medium,Route_B
Kolkata,Route_A,20,7,Rural,1922,14.13,High,Route_D
Hyderabad,Route_C,1,1,Rural,448,49.11,Low,Route_C
Chennai,Route_C,3,7,Urban,1378,28.71,Medium,Route_B
Mumbai,Route_D,1,5,Highway,407,52.02,Low,Route_A
Mumbai,Route_B,14,7,Rural,1250,65.63,Medium,Route_B
Bangalore,Route_C,1,5,Highway,2060,50.87,High,Route_D
Hyderabad,Route_C,3,5,Highway,2434,27.18,High,Route_D
Delhi,Route_B,5,6,Rural,865,24.18,Medium,Route_B
Bangalore,Route_C,6,5,Highway,824,29.56,Medium,Route_B
Hyderabad,Route_A,9,2,Highway,2909,17.35,High,Route_D
Chennai,Route_A,18,4,Urban,1719,18.59,Medium,Route_B
Chennai,Route_B,18,4,Highway,482,64.3,Low,Route_A
Chennai,Route_D,21,6,Urban,2535,33.85,High,Route_D
Chennai,Route_D,11,2,Rural,624,37.7,Low,Route_C
Chennai,Route_B,2,7,Rural,2786,49.55,High,Route_D
Hyderabad,Route_B,12,3,Urban,375,49.22,Low,Route_C
Hyderabad,Route_A,17,7,Rural,2647,10.05,High,Route_D
Kolkata,Route_D,7,3,Highway,2864,67.37,High,Route_D
Ahmedabad,Route_C,20,5,Highway,436,18.3,Low,Route_C
Mumbai,Route_A,14,1,Highway,2073,59.23,High,Route_D
Pune,Route_B,0,3,Rural,580,62.95,Low,Route_A
Chennai,Route_D,2,1,Highway,1010,58.62,Medium,Route_B
Delhi,Route_C,7,4,Rural,2096,48.42,High,Route_D
Pune,Route_C,3,1,Highway,1451,6.1,Medium,Route_B
Hyderabad,Route_A,15,4,Urban,2133,32.03,High,Route_D
Delhi,Route_D,22,2,Rural,1854,50.36,High,Route_D
Delhi,Route_D,9,2,Rural,208,34.06,Low,Route_C
Delhi,Route_B,11,6,Highway,427,69.76,Low,Route_A
Kolkata,Route_D,13,6,Rural,1899,28.16,High,Route_D
Hyderabad,Route_D,13,5,Rural,414,27.02,Low,Route_C
Delhi,Route_A,1,3,Urban,1234,24.95,Medium,Route_B
Chennai,Route_D,22,5,Urban,2846,29.96,High,Route_D
Bangalore,Route_C,4,4,Highway,880,46.81,Medium,Route_B
Delhi,Route_A,4,5,Urban,1620,58.03,Medium,Route_B
Kolkata,Route_A,5,1,Highway,255,54.69,Low,Route_A
Pune,Route_B,12,4,Highway,1596,65.58,Medium,Route_B
Hyderabad,Route_D,8,6,Highway,1824,71.44,High,Route_D
Ahmedabad,Route_B,21,2,Rural,986,66.21,Medium,Route_B
Kolkata,Route_C,14,6,Urban,2905,6.42,High,Route_D
Delhi,Route_A,13,3,Highway,821,60.19,Medium,Route_B
Hyderabad,Route_A,23,4,Urban,1012,20.63,Medium,Route_B
Bangalore,Route_A,6,4,Highway,970,14.97,Medium,Route_B
Delhi,Route_C,19,1,Urban,112,52.89,Low,Route_A
Kolkata,Route_C,1,3,Urban,2755,28.98,High,Route_D
Mumbai,Route_B,6,2,Highway,597,9.28,Low,Route_C
Chennai,Route_B,5,7,Rural,1856,15.32,High,Route_D
Ahmedabad,Route_B,16,4,Urban,2385,5.07,High,Route_D
Pune,Route_D,1,4,Rural,1217,72.74,Medium,Route_B
Kolkata,Route_A,2,1,Rural,2928,6.85,High,Route_D
Hyderabad,Route_A,4,5,Highway,1294,20.71,Medium,Route_B
Ahmedabad,Route_B,4,2,Highway,2104,36.22,High,Route_D
Ahmedabad,Route_A,0,6,Highway,2753,31.74,High,Route_D
Ahmedabad,Route_B,7,3,Urban,2808,73.38,High,Route_D
Delhi,Route_D,11,4,Highway,1747,8.02,Medium,Route_B
Chennai,Route_D,23,4,Highway,1690,43.42,Medium,Route_B
Delhi,Route_C,3,6,Urban,2996,56.04,High,Route_D
Hyderabad,Route_D,12,2,Urban,1590,74.88,Medium,Route_B
Delhi,Route_B,22,5,Highway,2775,51.53,High,Route_D
Mumbai,Route_D,14,4,Highway,242,65.28,Low,Route_A
Chennai,Route_C,10,2,Highway,1324,11.28,Medium,Route_B
Chennai,Route_A,9,6,Highway,2861,33.95,High,Route_D
Hyderabad,Route_B,2,1,Rural,2626,33.05,High,Route_D
Pune,Route_A,21,5,Rural,664,71.47,Low,Route_A
Mumbai,Route_C,13,3,Highway,2618,16.35,High,Route_D
Kolkata,Route_C,15,4,Rural,2531,16.39,High,Route_D
Delhi,Route_C,9,2,Urban,1815,29.64,High,Route_D
Bangalore,Route_A,9,1,Rural,516,9.08,Low,Route_C
Delhi,Route_A,11,3,Rural,1948,18.68,High,Route_D
Ahmedabad,Route_A,8,7,Highway,2455,77.39,High,Route_D
Delhi,Route_A,0,2,Rural,2796,37.11,High,Route_D
Kolkata,Route_C,4,2,Rural,1817,52.4,High,Route_D
Delhi,Route_C,19,3,Rural,1490,59.46,Medium,Route_B
Mumbai,Route_B,7,1,Rural,1167,32.52,Medium,Route_B
Mumbai,Route_B,10,7,Urban,2886,16.04,High,Route_D
Chennai,Route_A,11,6,Highway,1966,20.49,High,Route_D
Hyderabad,Route_D,0,1,Highway,1221,28.49,Medium,Route_B
Pune,Route_D,21,5,Urban,1388,52.71,Medium,Route_B
Bangalore,Route_C,19,4,Rural,1906,34.87,High,Route_D
Ahmedabad,Route_C,10,3,Urban,2287,5.51,High,Route_D
Delhi,Route_C,4,6,Rural,1604,44.26,Medium,Route_B
Delhi,Route_B,14,7,Urban,1116,74.11,Medium,Route_B
Kolkata,Route_B,4,3,Highway,1052,65.91,Medium,Route_B
Hyderabad,Route_C,11,3,Highway,171,66.89,Low,Route_A
Mumbai,Route_C,4,1,Highway,1790,64.63,Medium,Route_B
Bangalore,Route_C,16,4,Rural,1391,29.28,Medium,Route_B
Chennai,Route_D,16,5,Rural,1444,62.39,Medium,Route_B
Mumbai,Route_B,23,2,Urban,2254,15.74,High,Route_D
Ahmedabad,Route_D,11,2,Urban,982,54.33,Medium,Route_B
Hyderabad,Route_D,23,3,Highway,238,53.12,Low,Route_A
Ahmedabad,Route_C,14,4,Rural,2762,6.92,High,Route_D
Pune,Route_C,14,7,Urban,2420,64.1,High,Route_D
Chennai,Route_A,5,7,Rural,1604,72.74,Medium,Route_B
Pune,Route_A,11,6,Rural,2563,25.06,High,Route_D
Kolkata,Route_D,19,1,Highway,2653,65.93,High,Route_D
Ahmedabad,Route_B,17,4,Highway,832,11.18,Medium,Route_B
Kolkata,Route_C,13,4,Rural,1848,50.0,High,Route_D
Delhi,Route_C,1,1,Rural,523,41.42,Low,Route_C
Pune,Route_D,8,7,Rural,1691,45.94,Medium,Route_B
Hyderabad,Route_A,4,7,Rural,489,74.47,Low,Route_A
Ahmedabad,Route_B,19,7,Highway,441,70.35,Low,Route_A
Bangalore,Route_A,0,3,Urban,1045,63.88,Medium,Route_B
Chennai,Route_A,22,4,Highway,713,25.53,Low,Route_C
Mumbai,Route_A,2,2,Urban,592,73.39,Low,Route_A
Hyderabad,Route_A,5,1,Rural,291,12.31,Low,Route_C
Hyderabad,Route_C,4,7,Urban,598,69.0,Low,Route_A
Kolkata,Route_C,20,6,Highway,921,29.61,Medium,Route_B
Pune,Route_A,4,7,Highway,1835,9.03,High,Route_D
Ahmedabad,Route_B,0,7,Rural,1356,55.2,Medium,Route_B
Ahmedabad,Route_D,16,5,Highway,2068,22.35,High,Route_D
Delhi,Route_B,18,3,Rural,326,23.27,Low,Route_C
Delhi,Route_B,13,1,Highway,1494,27.95,Medium,Route_B
Chennai,Route_B,11,5,Highway,2286,9.78,High,Route_D
Kolkata,Route_A,9,5,Rural,916,18.28,Medium,Route_B
Hyderabad,Route_C,19,6,Urban,1573,5.39,Medium,Route_B
Ahmedabad,Route_B,20,4,Highway,1186,38.41,Medium,Route_B
Bangalore,Route_A,17,6,Urban,203,11.32,Low,Route_C
Kolkata,Route_B,23,4,Highway,1974,56.2,High,Route_D
Chennai,Route_B,10,4,Highway,970,22.67,Medium,Route_B
Chennai,Route_A,1,1,Highway,767,75.77,Low,Route_A
Kolkata,Route_C,17,7,Highway,2142,70.34,High,Route_D
Chennai,Route_C,6,1,Urban,372,26.71,Low,Route_C
Kolkata,Route_D,23,3,Urban,1129,63.74,Medium,Route_B
Mumbai,Route_A,14,4,Highway,2331,65.24,High,Route_D
Kolkata,Route_D,10,5,Highway,1151,78.99,Medium,Route_B
Pune,Route_D,17,7,Urban,1673,49.84,Medium,Route_B
Kolkata,Route_D,22,2,Rural,392,11.15,Low,Route_C
Chennai,Route_C,11,3,Rural,2324,53.51,High,Route_D
Ahmedabad,Route_A,5,1,Urban,2205,51.87,High,Route_D
Pune,Route_D,19,6,Highway,1392,52.88,Medium,Route_B
Chennai,Route_A,22,3,Highway,407,28.04,Low,Route_C
Delhi,Route_A,12,3,Rural,1076,69.48,Medium,Route_B
Delhi,Route_C,19,7,Rural,1351,76.96,Medium,Route_B
Ahmedabad,Route_D,15,3,Urban,1370,21.33,Medium,Route_B
Ahmedabad,Route_D,17,3,Rural,2847,11.61,High,Route_D
Pune,Route_A,9,2,Urban,1617,19.59,Medium,Route_B
Mumbai,Route_B,22,6,Rural,2230,66.54,High,Route_D
Ahmedabad,Route_C,7,6,Rural,1309,55.75,Medium,Route_B
Delhi,Route_C,17,6,Rural,2399,52.7,High,Route_D
Kolkata,Route_C,20,4,Highway,1478,35.13,Medium,Route_B
Chennai,Route_C,0,5,Highway,1873,48.34,High,Route_D
Delhi,Route_D,22,6,Highway,1819,28.09,High,Route_D
Delhi,Route_D,7,3,Rural,2142,40.79,High,Route_D
Mumbai,Route_B,5,3,Urban,895,64.48,Medium,Route_B
Pune,Route_C,4,6,Urban,996,78.59,Medium,Route_B
Pune,Route_C,14,7,Urban,2061,74.94,High,Route_D
Hyderabad,Route_A,21,6,Urban,309,75.04,Low,Route_A
Mumbai,Route_D,14,3,Highway,2963,35.17,High,Route_D
Kolkata,Route_C,1,4,Highway,2756,40.16,High,Route_D
Pune,Route_B,0,1,Rural,2594,57.92,High,Route_D
Chennai,Route_B,22,1,Rural,2607,74.16,High,Route_D
Ahmedabad,Route_D,22,6,Urban,1067,15.65,Medium,Route_B
Mumbai,Route_B,10,2,Highway,571,27.82,Low,Route_C
Ahmedabad,Route_B,9,6,Urban,2517,15.44,High,Route_D
Delhi,Route_D,17,7,Rural,1022,50.9,Medium,Route_B
Chennai,Route_C,17,6,Rural,236,27.97,Low,Route_C
Chennai,Route_C,16,1,Urban,466,29.46,Low,Route_C
Delhi,Route_B,7,3,Rural,283,10.32,Low,Route_C
Mumbai,Route_B,14,6,Urban,2619,31.23,High,Route_D
Delhi,Route_C,7,3,Highway,1498,69.69,Medium,Route_B
Ahmedabad,Route_D,16,3,Urban,2801,22.48,High,Route_D
Hyderabad,Route_B,11,2,Highway,2896,57.14,High,Route_D
Chennai,Route_A,7,3,Highway,636,52.22,Low,Route_A
Bangalore,Route_D,13,1,Rural,2949,69.76,High,Route_D
Bangalore,Route_B,3,4,Rural,1702,14.92,Medium,Route_B
Ahmedabad,Route_B,0,4,Rural,1373,78.32,Medium,Route_B
Kolkata,Route_A,0,5,Urban,2657,48.7,High,Route_D
Pune,Route_A,18,7,Urban,2777,79.66,High,Route_D
Delhi,Route_C,15,6,Rural,1196,73.36,Medium,Route_B
Delhi,Route_D,13,7,Urban,1405,21.61,Medium,Route_B
Kolkata,Route_D,20,1,Rural,1015,9.21,Medium,Route_B
Kolkata,Route_C,15,3,Urban,251,24.17,Low,Route_C
Ahmedabad,Route_D,4,4,Highway,1128,44.57,Medium,Route_B
Ahmedabad,Route_D,8,7,Highway,1318,17.87,Medium,Route_B
Kolkata,Route_D,1,1,Rural,2077,17.56,High,Route_D
Chennai,Route_D,17,4,Urban,2611,39.69,High,Route_D
Ahmedabad,Route_D,5,3,Urban,370,7.5,Low,Route_C
Hyderabad,Route_A,8,7,Highway,1286,14.14,Medium,Route_B
Ahmedabad,Route_D,0,4,Highway,559,36.19,Low,Route_C
Delhi,Route_A,8,6,Rural,204,9.73,Low,Route_C
Ahmedabad,Route_D,15,6,Highway,1810,34.76,High,Route_D
Chennai,Route_C,12,5,Rural,2309,40.55,High,Route_D
Kolkata,Route_B,8,5,Highway,2498,38.84,High,Route_D
Delhi,Route_A,20,4,Highway,533,70.19,Low,Route_A
Ahmedabad,Route_D,12,1,Urban,2999,44.75,High,Route_D
Chennai,Route_C,8,6,Highway,239,40.1,Low,Route_C
Hyderabad,Route_B,10,1,Highway,1594,35.8,Medium,Route_B
Ahmedabad,Route_A,3,1,Rural,186,66.32,Low,Route_A
Chennai,Route_B,1,4,Highway,1811,72.13,High,Route_D
Hyderabad,Route_C,5,1,Rural,2330,68.99,High,Route_D
Kolkata,Route_A,13,6,Highway,2515,55.52,High,Route_D
Ahmedabad,Route_B,3,3,Highway,228,15.3,Low,Route_C
Hyderabad,Route_D,5,5,Rural,1369,25.77,Medium,Route_B
Delhi,Route_A,18,3,Urban,1701,8.45,Medium,Route_B
Kolkata,Route_B,5,1,Rural,769,74.81,Low,Route_A
Delhi,Route_C,1,3,Rural,248,54.56,Low,Route_A
Bangalore,Route_C,17,6,Rural,1084,60.98,Medium,Route_B
Mumbai,Route_A,12,6,Urban,951,28.37,Medium,Route_B
Ahmedabad,Route_B,8,1,Highway,1556,68.42,Medium,Route_B
Hyderabad,Route_A,22,4,Rural,727,24.47,Low,Route_C
Mumbai,Route_A,18,3,Rural,1592,5.12,Medium,Route_B
Mumbai,Route_B,12,4,Urban,2593,33.23,High,Route_D
Hyderabad,Route_B,10,4,Rural,2144,47.81,High,Route_D
Kolkata,Route_D,0,2,Highway,983,40.9,Medium,Route_B
Ahmedabad,Route_B,23,1,Urban,2441,69.66,High,Route_D
Bangalore,Route_C,21,5,Highway,1888,12.91,High,Route_D
Delhi,Route_A,6,6,Highway,349,46.54,Low,Route_C
Chennai,Route_A,20,6,Urban,1047,43.47,Medium,Route_B
Delhi,Route_C,14,1,Rural,1074,26.1,Medium,Route_B
Chennai,Route_B,0,7,Highway,1425,66.67,Medium,Route_B
Delhi,Route_C,11,7,Highway,2936,61.46,High,Route_D
Hyderabad,Route_C,6,7,Highway,1083,59.96,Medium,Route_B
Bangalore,Route_D,14,5,Highway,988,70.71,Medium,Route_B
Ahmedabad,Route_C,20,6,Urban,2217,59.21,High,Route_D
Chennai,Route_A,18,1,Urban,2772,22.39,High,Route_D
Ahmedabad,Route_C,0,6,Highway,974,57.92,Medium,Route_B
Ahmedabad,Route_A,16,4,Rural,1426,28.08,Medium,Route_B
Ahmedabad,Route_A,16,3,Highway,570,23.16,Low,Route_C
Pune,Route_A,2,3,Rural,2087,10.48,High,Route_D
Kolkata,Route_B,11,6,Highway,190,60.8,Low,Route_A
Delhi,Route_D,5,2,Rural,629,58.33,Low,Route_A
Ahmedabad,Route_A,10,5,Highway,760,22.59,Low,Route_C
Delhi,Route_A,2,7,Rural,838,61.2,Medium,Route_B
Ahmedabad,Route_B,7,5,Highway,2873,73.84,High,Route_D
Chennai,Route_A,13,5,Highway,971,13.1,Medium,Route_B
Kolkata,Route_C,13,4,Rural,1786,22.45,Medium,Route_B
Kolkata,Route_C,9,5,Urban,291,61.27,Low,Route_A
Hyderabad,Route_D,1,3,Rural,2086,25.59,High,Route_D
Pune,Route_A,13,4,Urban,2285,51.85,High,Route_D
Hyderabad,Route_B,8,1,Highway,444,11.09,Low,Route_C
Hyderabad,Route_C,2,5,Rural,1108,38.92,Medium,Route_B
Hyderabad,Route_B,20,5,Rural,2650,60.43,High,Route_D
Hyderabad,Route_B,7,1,Rural,302,56.49,Low,Route_A
Hyderabad,Route_C,15,5,Urban,672,66.13,Low,Route_A
Bangalore,Route_B,1,1,Urban,291,70.81,Low,Route_A
Kolkata,Route_C,5,4,Highway,2152,62.99,High,Route_D
Hyderabad,Route_B,20,3,Urban,2013,55.37,High,Route_D
Ahmedabad,Route_C,11,1,Urban,1816,7.38,High,Route_D
Kolkata,Route_A,4,2,Highway,410,45.12,Low,Route_C
Kolkata,Route_D,1,1,Rural,2696,7.83,High,Route_D
Mumbai,Route_C,15,5,Rural,2203,65.61,High,Route_D
Bangalore,Route_C,4,7,Highway,542,29.05,Low,Route_C
Hyderabad,Route_D,14,7,Rural,1360,47.18,Medium,Route_B
Delhi,Route_C,11,4,Urban,969,25.96,Medium,Route_B
Chennai,Route_C,3,6,Highway,684,63.69,Low,Route_A
Pune,Route_B,14,4,Highway,1694,71.49,Medium,Route_B
Ahmedabad,Route_D,10,6,Highway,2899,34.9,High,Route_D
Delhi,Route_A,15,7,Rural,1637,69.72,Medium,Route_B
Bangalore,Route_C,22,7,Highway,459,25.03,Low,Route_C
Chennai,Route_D,5,1,Highway,1823,45.1,High,Route_D
Bangalore,Route_B,13,3,Highway,2966,69.41,High,Route_D
Ahmedabad,Route_A,17,2,Rural,2177,29.44,High,Route_D
Kolkata,Route_D,11,4,Urban,1902,76.55,High,Route_D
Chennai,Route_A,10,5,Highway,2111,14.14,High,Route_D
Kolkata,Route_A,12,6,Urban,2255,6.37,High,Route_D
Ahmedabad,Route_A,20,5,Rural,943,72.81,Medium,Route_B
Delhi,Route_C,22,3,Rural,1725,10.15,Medium,Route_B
Ahmedabad,Route_C,10,6,Rural,2864,79.39,High,Route_D
Delhi,Route_B,22,4,Rural,990,76.35,Medium,Route_B
Chennai,Route_B,15,1,Urban,2091,15.28,High,Route_D
Chennai,Route_D,14,5,Highway,2082,45.32,High,Route_D
Hyderabad,Route_B,20,3,Rural,1059,18.87,Medium,Route_B
Bangalore,Route_A,14,4,Rural,1568,37.11,Medium,Route_B
Hyderabad,Route_A,3,7,Urban,1561,9.61,Medium,Route_B
Bangalore,Route_C,10,7,Urban,831,21.79,Medium,Route_B
Hyderabad,Route_A,18,4,Rural,705,32.25,Low,Route_C
Kolkata,Route_D,14,4,Highway,2604,37.9,High,Route_D
Chennai,Route_A,3,4,Highway,714,78.31,Low,Route_A
Delhi,Route_A,20,6,Rural,2845,65.59,High,Route_D
Bangalore,Route_D,12,4,Urban,2104,60.31,High,Route_D
Ahmedabad,Route_B,21,5,Rural,1819,45.28,High,Route_D
Bangalore,Route_B,18,3,Rural,773,68.0,Low,Route_A
Delhi,Route_D,1,6,Urban,1370,30.45,Medium,Route_B
Hyderabad,Route_C,13,4,Rural,2690,58.17,High,Route_D
Bangalore,Route_A,3,2,Rural,1687,79.53,Medium,Route_B
Pune,Route_D,15,2,Rural,1711,28.6,Medium,Route_B
Kolkata,Route_A,20,3,Urban,996,55.55,Medium,Route_B
Chennai,Route_C,19,7,Highway,1562,68.32,Medium,Route_B
Delhi,Route_A,13,1,Highway,377,73.69,Low,Route_A
Chennai,Route_D,14,1,Urban,651,58.84,Low,Route_A
Pune,Route_A,2,7,Highway,1736,26.27,Medium,Route_B
Bangalore,Route_B,7,6,Rural,2258,29.47,High,Route_D
Bangalore,Route_C,15,6,Highway,2532,6.56,High,Route_D
Ahmedabad,Route_C,9,6,Rural,860,62.07,Medium,Route_B
Pune,Route_C,3,1,Highway,2841,8.21,High,Route_D
Delhi,Route_D,17,2,Urban,1549,69.85,Medium,Route_B
Ahmedabad,Route_C,1,1,Highway,504,13.9,Low,Route_C
Kolkata,Route_B,16,5,Highway,1458,17.89,Medium,Route_B
Ahmedabad,Route_D,12,4,Highway,1332,40.74,Medium,Route_B
Mumbai,Route_B,3,6,Urban,121,60.34,Low,Route_A
Delhi,Route_A,10,2,Highway,777,15.43,Low,Route_C
Mumbai,Route_A,6,3,Urban,2758,38.01,High,Route_D
Pune,Route_A,11,3,Rural,2128,41.21,High,Route_D
Hyderabad,Route_A,9,4,Highway,1331,20.92,Medium,Route_B
Mumbai,Route_B,6,2,Urban,2155,13.67,High,Route_D
Kolkata,Route_D,12,1,Urban,2849,67.73,High,Route_D
Ahmedabad,Route_D,6,1,Highway,1908,42.68,High,Route_D
Hyderabad,Route_C,23,5,Rural,628,6.08,Low,Route_C
Ahmedabad,Route_B,16,5,Urban,2137,65.22,High,Route_D
Mumbai,Route_A,9,1,Highway,2749,78.56,High,Route_D
Ahmedabad,Route_B,9,3,Rural,1776,50.44,Medium,Route_B
Pune,Route_C,23,6,Urban,756,42.78,Low,Route_C
Hyderabad,Route_C,3,3,Urban,265,70.88,Low,Route_A
Pune,Route_B,19,5,Rural,948,76.44,Medium,Route_B
Mumbai,Route_B,3,4,Rural,595,61.59,Low,Route_A
Pune,Route_B,21,1,Highway,689,38.41,Low,Route_C
Kolkata,Route_D,6,5,Highway,528,49.42,Low,Route_C
Mumbai,Route_A,21,5,Urban,2921,57.57,High,Route_D
Mumbai,Route_B,0,6,Rural,262,19.57,Low,Route_C
Mumbai,Route_B,11,1,Rural,2513,38.54,High,Route_D
Delhi,Route_B,23,6,Rural,1362,67.24,Medium,Route_B
Ahmedabad,Route_C,12,1,Urban,171,54.1,Low,Route_A
Delhi,Route_C,9,6,Rural,754,35.84,Low,Route_C
Delhi,Route_D,14,3,Rural,368,54.75,Low,Route_A
Kolkata,Route_A,12,4,Urban,1876,13.87,High,Route_D
Hyderabad,Route_D,22,4,Highway,2562,35.11,High,Route_D
Ahmedabad,Route_A,21,1,Highway,1368,64.48,Medium,Route_B
Pune,Route_C,21,2,Urban,1115,21.54,Medium,Route_B
Bangalore,Route_C,20,7,Rural,2822,18.95,High,Route_D
Mumbai,Route_C,21,5,Urban,1183,76.31,Medium,Route_B
Pune,Route_D,8,5,Highway,105,20.74,Low,Route_C
Mumbai,Route_B,8,1,Highway,1081,24.57,Medium,Route_B
Kolkata,Route_B,14,6,Urban,2717,77.72,High,Route_D
Mumbai,Route_C,9,2,Urban,506,60.1,Low,Route_A
Delhi,Route_B,23,3,Highway,2053,57.47,High,Route_D
Ahmedabad,Route_B,9,6,Urban,2173,68.97,High,Route_D
Bangalore,Route_D,7,6,Highway,1085,13.69,Medium,Route_B
Chennai,Route_A,23,1,Urban,489,57.95,Low,Route_A
Mumbai,Route_C,15,1,Urban,809,42.78,Medium,Route_B
Pune,Route_C,16,5,Urban,2718,67.19,High,Route_D
Delhi,Route_D,4,1,Highway,1571,43.11,Medium,Route_B
Chennai,Route_D,3,1,Urban,853,51.52,Medium,Route_B
Bangalore,Route_B,17,1,Highway,2293,40.83,High,Route_D
Chennai,Route_C,23,5,Highway,1511,40.86,Medium,Route_B
Delhi,Route_A,18,3,Urban,2932,62.6,High,Route_D
Ahmedabad,Route_D,3,3,Urban,1372,52.14,Medium,Route_B
Ahmedabad,Route_A,6,7,Highway,625,52.49,Low,Route_A
Hyderabad,Route_A,9,7,Highway,1585,38.77,Medium,Route_B
Ahmedabad,Route_C,17,1,Rural,2160,44.83,High,Route_D
Hyderabad,Route_C,18,7,Highway,2531,60.93,High,Route_D
Chennai,Route_D,3,5,Rural,655,66.95,Low,Route_A
Kolkata,Route_C,9,3,Rural,118,57.24,Low,Route_A
Pune,Route_C,0,6,Rural,674,74.31,Low,Route_A
Pune,Route_C,22,3,Urban,2898,66.52,High,Route_D
Chennai,Route_A,17,3,Urban,1103,47.14,Medium,Route_B
Mumbai,Route_D,4,5,Highway,2566,55.36,High,Route_D
Mumbai,Route_B,14,7,Rural,2566,74.47,High,Route_D
Ahmedabad,Route_A,16,6,Urban,2038,51.44,High,Route_D
Pune,Route_C,2,5,Urban,2039,66.86,High,Route_D
Pune,Route_A,11,1,Urban,1735,56.66,Medium,Route_B
Hyderabad,Route_C,1,4,Urban,1798,46.4,Medium,Route_B
Kolkata,Route_C,0,3,Urban,2269,23.14,High,Route_D
Delhi,Route_A,22,4,Rural,531,36.95,Low,Route_C
Mumbai,Route_D,20,5,Rural,2191,77.58,High,Route_D
Pune,Route_C,16,5,Rural,1995,54.33,High,Route_D
Hyderabad,Route_D,21,5,Rural,2043,47.33,High,Route_D
Bangalore,Route_B,15,4,Highway,1440,74.97,Medium,Route_B
Hyderabad,Route_C,4,5,Rural,2528,48.99,High,Route_D
Mumbai,Route_D,14,1,Urban,244,44.46,Low,Route_C
Mumbai,Route_D,2,5,Rural,2510,61.95,High,Route_D
Hyderabad,Route_B,6,2,Highway,1173,58.45,Medium,Route_B
Delhi,Route_D,10,7,Urban,1188,19.49,Medium,Route_B
Chennai,Route_D,9,4,Rural,2502,40.35,High,Route_D
Mumbai,Route_B,8,2,Rural,899,40.44,Medium,Route_B
Hyderabad,Route_C,13,5,Rural,2973,33.37,High,Route_D
Pune,Route_D,12,1,Urban,1251,43.8,Medium,Route_B
Hyderabad,Route_D,1,3,Urban,2545,35.98,High,Route_D
Kolkata,Route_D,2,6,Highway,2056,19.95,High,Route_D
Chennai,Route_A,6,7,Urban,562,35.93,Low,Route_C
Bangalore,Route_B,20,6,Urban,1874,10.42,High,Route_D
Delhi,Route_A,17,5,Rural,2145,48.18,High,Route_D
Ahmedabad,Route_B,2,7,Urban,907,69.02,Medium,Route_B
Bangalore,Route_C,9,7,Rural,286,59.4,Low,Route_A
Chennai,Route_C,21,1,Rural,1843,32.03,High,Route_D
Chennai,Route_D,6,7,Urban,831,11.53,Medium,Route_B
Chennai,Route_B,8,4,Highway,2035,20.16,High,Route_D
Bangalore,Route_C,16,2,Highway,1313,45.91,Medium,Route_B
Pune,Route_B,10,2,Urban,1511,20.53,Medium,Route_B
Chennai,Route_C,6,2,Highway,528,45.8,Low,Route_C
Hyderabad,Route_A,23,4,Rural,1407,22.37,Medium,Route_B
Bangalore,Route_C,13,6,Rural,2384,68.67,High,Route_D
Ahmedabad,Route_A,18,1,Urban,1317,34.8,Medium,Route_B
Chennai,Route_C,3,7,Highway,1410,23.42,Medium,Route_B
Hyderabad,Route_D,5,4,Highway,870,65.92,Medium,Route_B
Pune,Route_A,9,2,Rural,857,30.71,Medium,Route_B
Kolkata,Route_C,6,5,Urban,235,13.36,Low,Route_C
Pune,Route_D,12,3,Highway,891,47.78,Medium,Route_B
Ahmedabad,Route_A,13,7,Urban,270,48.62,Low,Route_C
Chennai,Route_D,3,4,Highway,2306,58.6,High,Route_D
Ahmedabad,Route_B,7,4,Rural,2348,23.02,High,Route_D
Bangalore,Route_B,4,1,Rural,1680,38.28,Medium,Route_B
Mumbai,Route_A,0,1,Urban,1061,26.18,Medium,Route_B
Chennai,Route_C,3,4,Rural,2730,11.07,High,Route_D
Mumbai,Route_A,2,2,Highway,975,70.75,Medium,Route_B
Hyderabad,Route_D,8,3,Rural,2518,59.67,High,Route_D
Kolkata,Route_C,7,7,Urban,202,27.61,Low,Route_C
Delhi,Route_B,0,1,Urban,1101,49.95,Medium,Route_B
Ahmedabad,Route_C,5,7,Urban,1248,20.09,Medium,Route_B
Pune,Route_B,8,2,Highway,2945,71.77,High,Route_D
Kolkata,Route_C,6,7,Highway,1581,13.62,Medium,Route_B
Chennai,Route_C,3,5,Highway,757,5.29,Low,Route_C
Mumbai,Route_C,12,1,Highway,1320,42.65,Medium,Route_B
Pune,Route_D,16,2,Highway,2880,48.73,High,Route_D
Mumbai,Route_D,1,2,Rural,522,48.42,Low,Route_C
Bangalore,Route_A,4,3,Highway,2719,9.09,High,Route_D
Mumbai,Route_A,11,3,Highway,270,28.55,Low,Route_C
Bangalore,Route_B,20,5,Rural,2320,42.44,High,Route_D
Hyderabad,Route_D,7,2,Highway,2810,21.24,High,Route_D
Pune,Route_B,5,6,Urban,552,70.45,Low,Route_A
Pune,Route_A,7,2,Highway,2497,11.53,High,Route_D
Delhi,Route_B,17,3,Highway,2075,41.55,High,Route_D
Chennai,Route_A,2,6,Urban,1757,56.86,Medium,Route_B
Bangalore,Route_D,21,1,Urban,2641,24.63,High,Route_D
Delhi,Route_C,11,1,Urban,2767,51.82,High,Route_D
Mumbai,Route_D,2,7,Urban,2153,67.2,High,Route_D
Mumbai,Route_B,21,4,Highway,387,19.28,Low,Route_C
Delhi,Route_B,5,3,Urban,1741,73.79,Medium,Route_B
Pune,Route_D,1,4,Urban,1547,46.52,Medium,Route_B
Mumbai,Route_D,22,6,Rural,2013,27.44,High,Route_D
Ahmedabad,Route_A,11,3,Urban,707,37.31,Low,Route_C
Hyderabad,Route_B,1,5,Urban,556,28.41,Low,Route_C
Hyderabad,Route_B,5,2,Rural,1864,59.38,High,Route_D
Ahmedabad,Route_D,16,5,Rural,1325,64.72,Medium,Route_B
Delhi,Route_C,2,6,Highway,1335,67.47,Medium,Route_B
Ahmedabad,Route_B,1,3,Rural,1129,78.93,Medium,Route_B
Bangalore,Route_C,22,6,Highway,2771,64.35,High,Route_D
Bangalore,Route_D,19,2,Rural,2523,50.1,High,Route_D
Delhi,Route_D,7,1,Rural,546,30.44,Low,Route_C
Ahmedabad,Route_A,21,1,Highway,934,45.84,Medium,Route_B
Bangalore,Route_B,11,6,Rural,910,8.08,Medium,Route_B
Pune,Route_C,3,4,Highway,1524,60.86,Medium,Route_B
Ahmedabad,Route_A,4,3,Rural,1511,38.45,Medium,Route_B
Pune,Route_B,12,3,Urban,1058,6.5,Medium,Route_B
Bangalore,Route_A,14,1,Rural,1575,9.69,Medium,Route_B
Hyderabad,Route_D,22,7,Highway,2996,34.06,High,Route_D
Bangalore,Route_B,15,5,Rural,908,48.76,Medium,Route_B
Pune,Route_A,9,7,Highway,1078,39.82,Medium,Route_B
Kolkata,Route_A,22,2,Highway,2563,51.44,High,Route_D
Chennai,Route_C,15,5,Urban,825,41.02,Medium,Route_B
Mumbai,Route_A,11,5,Urban,2601,54.63,High,Route_D
Ahmedabad,Route_B,16,6,Highway,1316,21.43,Medium,Route_B
Kolkata,Route_B,15,1,Rural,2297,13.46,High,Route_D
Bangalore,Route_C,11,7,Highway,2003,49.73,High,Route_D
Hyderabad,Route_B,7,7,Highway,2906,41.35,High,Route_D
Delhi,Route_D,19,1,Rural,878,7.02,Medium,Route_B
Bangalore,Route_B,2,7,Rural,1072,33.54,Medium,Route_B
Hyderabad,Route_B,15,1,Rural,2910,12.96,High,Route_D
Chennai,Route_A,12,6,Rural,1638,44.85,Medium,Route_B
Bangalore,Route_A,22,4,Highway,1516,34.68,Medium,Route_B
Pune,Route_B,18,5,Highway,2223,50.99,High,Route_D
Delhi,Route_C,7,6,Urban,698,65.42,Low,Route_A
Hyderabad,Route_A,21,3,Highway,324,27.48,Low,Route_C
Hyderabad,Route_C,4,2,Rural,1653,77.16,Medium,Route_B
Hyderabad,Route_B,19,4,Urban,2260,45.17,High,Route_D
Chennai,Route_B,7,3,Rural,2398,51.37,High,Route_D
Bangalore,Route_D,23,5,Highway,940,56.05,Medium,Route_B
Chennai,Route_A,11,7,Urban,1914,55.0,High,Route_D
Ahmedabad,Route_B,0,1,Rural,813,43.32,Medium,Route_B
Mumbai,Route_D,20,5,Urban,1206,37.16,Medium,Route_B
Mumbai,Route_A,19,6,Urban,224,9.03,Low,Route_C
Ahmedabad,Route_B,5,2,Highway,1192,6.66,Medium,Route_B
Bangalore,Route_B,21,6,Rural,1379,31.85,Medium,Route_B
Pune,Route_A,17,4,Urban,1850,30.02,High,Route_D
Chennai,Route_A,7,4,Urban,129,34.08,Low,Route_C
Delhi,Route_A,6,2,Rural,2428,15.38,High,Route_D
Hyderabad,Route_B,0,3,Urban,2117,60.36,High,Route_D
Hyderabad,Route_B,20,3,Urban,2515,69.27,High,Route_D
Bangalore,Route_D,15,4,Urban,594,75.4,Low,Route_A
Pune,Route_C,11,4,Rural,1709,41.93,Medium,Route_B
Mumbai,Route_A,5,7,Rural,817,57.56,Medium,Route_B
Mumbai,Route_B,19,1,Rural,1116,69.17,Medium,Route_B
Hyderabad,Route_B,1,7,Rural,1437,36.37,Medium,Route_B
Bangalore,Route_A,13,7,Highway,705,28.21,Low,Route_C
Chennai,Route_C,3,3,Urban,474,75.25,Low,Route_A
Mumbai,Route_A,0,2,Rural,2786,43.68,High,Route_D
Chennai,Route_C,22,3,Urban,2060,42.29,High,Route_D
Pune,Route_B,17,1,Urban,1148,18.38,Medium,Route_B
Mumbai,Route_C,12,6,Highway,1457,13.11,Medium,Route_B
Mumbai,Route_D,1,4,Rural,215,68.16,Low,Route_A
Kolkata,Route_B,8,4,Rural,2195,51.06,High,Route_D
Mumbai,Route_D,20,1,Urban,1901,29.44,High,Route_D
Ahmedabad,Route_A,1,7,Rural,2246,19.38,High,Route_D
Delhi,Route_A,8,2,Urban,1582,46.66,Medium,Route_B
Ahmedabad,Route_A,0,4,Urban,1646,48.79,Medium,Route_B
Bangalore,Route_C,10,5,Highway,1720,20.52,Medium,Route_B
Bangalore,Route_B,2,7,Highway,2552,68.86,High,Route_D
Chennai,Route_A,19,4,Highway,784,11.32,Low,Route_C
Ahmedabad,Route_A,22,5,Urban,2650,31.71,High,Route_D
Ahmedabad,Route_B,3,1,Rural,1571,56.03,Medium,Route_B
Ahmedabad,Route_A,17,1,Highway,1699,25.56,Medium,Route_B
Pune,Route_D,22,7,Rural,2405,67.08,High,Route_D
Mumbai,Route_B,5,4,Highway,2991,60.49,High,Route_D
Delhi,Route_B,2,3,Highway,2268,64.18,High,Route_D
Chennai,Route_B,21,5,Urban,909,13.93,Medium,Route_B
Ahmedabad,Route_D,10,2,Highway,1077,15.54,Medium,Route_B
Ahmedabad,Route_B,14,4,Highway,2201,26.49,High,Route_D
Kolkata,Route_D,21,2,Urban,1454,43.86,Medium,Route_B
Chennai,Route_B,4,4,Rural,883,61.1,Medium,Route_B
Ahmedabad,Route_C,19,3,Highway,340,67.74,Low,Route_A
Chennai,Route_A,9,3,Urban,1878,57.83,High,Route_D
Mumbai,Route_C,11,7,Highway,1653,74.64,Medium,Route_B
Kolkata,Route_A,14,7,Urban,582,60.41,Low,Route_A
Chennai,Route_D,16,3,Rural,1112,27.97,Medium,Route_B
Delhi,Route_C,9,6,Rural,286,24.88,Low,Route_C
Delhi,Route_B,5,3,Urban,1981,57.21,High,Route_D
Bangalore,Route_A,17,1,Urban,2803,19.47,High,Route_D
Kolkata,Route_A,12,1,Urban,2409,11.95,High,Route_D
Kolkata,Route_C,2,6,Rural,1052,44.92,Medium,Route_B
Bangalore,Route_D,23,5,Highway,1487,66.62,Medium,Route_B
Chennai,Route_C,9,2,Rural,590,12.6,Low,Route_C
Kolkata,Route_D,13,4,Urban,530,64.39,Low,Route_A
Delhi,Route_D,5,4,Urban,338,65.87,Low,Route_A
Delhi,Route_A,2,6,Rural,2451,41.17,High,Route_D
Ahmedabad,Route_C,15,1,Urban,2445,9.3,High,Route_D
Mumbai,Route_C,6,7,Rural,175,18.09,Low,Route_C
Kolkata,Route_D,19,4,Urban,1456,58.06,Medium,Route_B
Chennai,Route_C,13,1,Highway,2023,58.38,High,Route_D
Bangalore,Route_B,8,5,Highway,1881,72.38,High,Route_D
Bangalore,Route_B,14,2,Urban,2789,48.7,High,Route_D
Chennai,Route_C,20,5,Rural,926,14.31,Medium,Route_B
Pune,Route_C,2,6,Highway,2430,14.11,High,Route_D
Hyderabad,Route_D,1,3,Rural,690,59.08,Low,Route_A
Mumbai,Route_B,1,3,Urban,2219,18.78,High,Route_D
Bangalore,Route_B,2,3,Rural,2850,29.63,High,Route_D
Kolkata,Route_A,17,5,Highway,2002,41.54,High,Route_D
Mumbai,Route_D,13,4,Rural,2010,6.86,High,Route_D
Kolkata,Route_A,19,2,Rural,674,23.66,Low,Route_C
Pune,Route_B,17,3,Urban,991,35.59,Medium,Route_B
Delhi,Route_D,9,6,Urban,2159,25.97,High,Route_D
Mumbai,Route_C,1,6,Urban,240,15.23,Low,Route_C
Ahmedabad,Route_D,21,3,Highway,1889,59.6,High,Route_D
Bangalore,Route_C,0,3,Highway,116,65.99,Low,Route_A
Mumbai,Route_C,3,2,Urban,1186,24.31,Medium,Route_B
Mumbai,Route_D,13,3,Urban,352,63.08,Low,Route_A
Mumbai,Route_C,0,2,Highway,564,33.92,Low,Route_C
Hyderabad,Route_A,13,6,Highway,475,43.0,Low,Route_C
Mumbai,Route_B,15,3,Highway,1927,69.2,High,Route_D
Kolkata,Route_C,21,5,Highway,619,61.25,Low,Route_A
Delhi,Route_A,13,7,Urban,1960,65.38,High,Route_D
Pune,Route_C,19,5,Highway,189,15.26,Low,Route_C
Chennai,Route_B,2,6,Urban,819,10.23,Medium,Route_B
Mumbai,Route_A,2,2,Rural,2951,72.01,High,Route_D
Bangalore,Route_B,8,5,Rural,2943,34.09,High,Route_D
Mumbai,Route_B,5,2,Highway,729,26.59,Low,Route_C
Bangalore,Route_A,12,5,Rural,1984,59.35,High,Route_D
Kolkata,Route_A,20,5,Rural,175,67.73,Low,Route_A
Bangalore,Route_A,1,2,Rural,1025,69.69,Medium,Route_B
Ahmedabad,Route_D,7,4,Highway,2547,28.7,High,Route_D
Chennai,Route_A,20,5,Highway,1905,68.92,High,Route_D
Delhi,Route_A,1,3,Rural,1069,8.07,Medium,Route_B
Bangalore,Route_A,3,7,Urban,1194,8.72,Medium,Route_B
Bangalore,Route_A,14,6,Rural,2128,51.76,High,Route_D
Delhi,Route_C,3,4,Highway,1504,9.73,Medium,Route_B
Chennai,Route_D,12,2,Highway,2944,29.35,High,Route_D
Mumbai,Route_B,11,4,Highway,294,55.46,Low,Route_A
Bangalore,Route_A,12,1,Rural,327,30.3,Low,Route_C
Delhi,Route_C,13,1,Urban,1559,18.47,Medium,Route_B
Ahmedabad,Route_C,19,5,Highway,560,26.1,Low,Route_C
Ahmedabad,Route_C,17,5,Highway,717,39.32,Low,Route_C
Kolkata,Route_B,5,3,Rural,163,40.65,Low,Route_C
Delhi,Route_A,10,7,Urban,2312,63.73,High,Route_D
Kolkata,Route_D,1,6,Rural,2174,61.26,High,Route_D
Ahmedabad,Route_D,22,4,Highway,384,39.26,Low,Route_C
Chennai,Route_C,18,1,Urban,1783,68.43,Medium,Route_B
Mumbai,Route_B,18,5,Urban,2428,13.57,High,Route_D
Delhi,Route_B,4,6,Highway,937,24.15,Medium,Route_B
Pune,Route_B,18,4,Urban,930,67.1,Medium,Route_B
Ahmedabad,Route_D,1,5,Urban,1287,33.35,Medium,Route_B
Ahmedabad,Route_C,9,5,Rural,323,78.59,Low,Route_A
Pune,Route_A,1,1,Highway,883,39.97,Medium,Route_B
Hyderabad,Route_D,10,1,Highway,1049,64.4,Medium,Route_B
Ahmedabad,Route_C,17,5,Highway,144,35.17,Low,Route_C
Bangalore,Route_C,23,2,Highway,1910,36.87,High,Route_D
Chennai,Route_A,14,5,Highway,570,33.72,Low,Route_C
Delhi,Route_A,8,6,Urban,2181,58.93,High,Route_D
Pune,Route_A,22,5,Rural,2800,46.06,High,Route_D
Bangalore,Route_B,18,3,Highway,929,75.78,Medium,Route_B
Pune,Route_A,8,7,Rural,2009,23.82,High,Route_D
Delhi,Route_C,2,3,Rural,2368,12.54,High,Route_D
Kolkata,Route_A,20,3,Urban,1991,34.49,High,Route_D
Delhi,Route_C,8,2,Highway,2681,51.25,High,Route_D
Hyderabad,Route_D,13,2,Urban,791,69.56,Low,Route_A
Delhi,Route_B,18,5,Highway,1490,30.96,Medium,Route_B
Delhi,Route_D,6,3,Urban,1031,54.03,Medium,Route_B
Hyderabad,Route_D,15,2,Rural,940,31.26,Medium,Route_B
Chennai,Route_C,15,1,Highway,2038,51.29,High,Route_D
Ahmedabad,Route_D,0,5,Rural,1673,71.36,Medium,Route_B
Delhi,Route_C,3,6,Rural,2729,22.35,High,Route_D
Hyderabad,Route_A,3,7,Urban,2386,35.32,High,Route_D
Bangalore,Route_A,6,4,Highway,2588,79.49,High,Route_D
Kolkata,Route_C,7,5,Rural,247,70.14,Low,Route_A
Kolkata,Route_A,16,4,Urban,1132,47.35,Medium,Route_B
Delhi,Route_B,4,3,Highway,1411,43.75,Medium,Route_B
Chennai,Route_D,6,7,Highway,487,26.35,Low,Route_C
Chennai,Route_B,19,4,Rural,1973,43.79,High,Route_D
Bangalore,Route_D,19,3,Highway,1015,68.61,Medium,Route_B
Delhi,Route_A,3,1,Rural,1978,56.39,High,Route_D
Kolkata,Route_B,5,4,Highway,2785,26.75,High,Route_D
Chennai,Route_A,6,7,Urban,377,20.11,Low,Route_C
Delhi,Route_D,17,5,Rural,2077,24.89,High,Route_D
Pune,Route_C,4,3,Rural,1959,17.73,High,Route_D
Chennai,Route_C,19,5,Highway,1925,12.17,High,Route_D
Hyderabad,Route_B,2,7,Highway,2736,36.44,High,Route_D
Pune,Route_A,6,2,Rural,1933,13.5,High,Route_D
Ahmedabad,Route_A,21,3,Highway,2796,17.89,High,Route_D
Chennai,Route_B,13,4,Urban,717,46.05,Low,Route_C
Kolkata,Route_C,6,3,Highway,1730,17.34,Medium,Route_B
Mumbai,Route_D,4,5,Urban,2282,9.79,High,Route_D
Pune,Route_B,21,1,Urban,679,28.8,Low,Route_C
Ahmedabad,Route_D,4,3,Urban,1270,21.52,Medium,Route_B
Bangalore,Route_C,22,4,Urban,589,43.65,Low,Route_C
Bangalore,Route_A,1,2,Urban,2625,12.68,High,Route_D
Kolkata,Route_C,20,6,Highway,1282,61.38,Medium,Route_B
Chennai,Route_B,21,1,Urban,483,72.97,Low,Route_A
Delhi,Route_A,5,2,Highway,262,60.76,Low,Route_A
Chennai,Route_B,14,3,Urban,2588,44.96,High,Route_D
Kolkata,Route_B,20,5,Rural,1976,69.55,High,Route_D
Bangalore,Route_C,9,7,Urban,1312,57.12,Medium,Route_B
Chennai,Route_B,22,5,Rural,2562,5.79,High,Route_D
Bangalore,Route_C,23,4,Urban,1462,34.56,Medium,Route_B
Pune,Route_A,6,5,Urban,1730,68.82,Medium,Route_B
Ahmedabad,Route_C,4,1,Urban,1304,30.94,Medium,Route_B
Delhi,Route_A,0,5,Rural,387,7.64,Low,Route_C
Pune,Route_C,12,4,Rural,1957,60.96,High,Route_D
Bangalore,Route_D,20,6,Urban,286,65.15,Low,Route_A
Bangalore,Route_D,17,3,Highway,2007,17.04,High,Route_D
Mumbai,Route_B,12,7,Urban,1261,45.3,Medium,Route_B
Mumbai,Route_C,20,3,Rural,229,19.4,Low,Route_C
Pune,Route_C,20,5,Urban,2341,58.94,High,Route_D
Hyderabad,Route_A,17,2,Rural,2463,25.37,High,Route_D
Pune,Route_B,4,3,Rural,1987,28.72,High,Route_D
Mumbai,Route_C,12,6,Rural,243,68.37,Low,Route_A
Bangalore,Route_B,3,5,Urban,115,40.72,Low,Route_C
Kolkata,Route_D,16,7,Rural,2570,55.23,High,Route_D
Pune,Route_C,2,4,Rural,344,35.18,Low,Route_C
Bangalore,Route_C,16,6,Urban,1026,27.35,Medium,Route_B
Kolkata,Route_B,10,5,Rural,2276,51.91,High,Route_D
Kolkata,Route_C,20,6,Urban,1006,16.61,Medium,Route_B
Mumbai,Route_B,19,3,Rural,986,32.97,Medium,Route_B
Pune,Route_C,22,7,Highway,440,20.68,Low,Route_C
Chennai,Route_A,20,4,Highway,2151,57.18,High,Route_D
Delhi,Route_B,3,5,Rural,1533,75.82,Medium,Route_B
Mumbai,Route_C,1,1,Highway,405,79.66,Low,Route_A
Mumbai,Route_D,19,4,Urban,1007,38.77,Medium,Route_B
Chennai,Route_C,15,1,Highway,2754,23.94,High,Route_D
Delhi,Route_D,17,6,Rural,1471,38.21,Medium,Route_B
Bangalore,Route_D,7,2,Rural,420,68.55,Low,Route_A
Hyderabad,Route_A,2,4,Urban,658,20.45,Low,Route_C
Pune,Route_B,8,6,Rural,1304,76.41,Medium,Route_B
Hyderabad,Route_C,19,1,Urban,2765,30.64,High,Route_D
Bangalore,Route_A,5,3,Highway,2858,78.94,High,Route_D
Ahmedabad,Route_C,9,3,Highway,1509,67.9,Medium,Route_B
Mumbai,Route_D,20,2,Urban,1741,65.64,Medium,Route_B
Delhi,Route_B,9,4,Urban,1231,28.84,Medium,Route_B
Mumbai,Route_C,12,4,Rural,2678,5.66,High,Route_D
Kolkata,Route_C,16,4,Highway,2557,33.66,High,Route_D
Mumbai,Route_D,8,6,Urban,917,27.64,Medium,Route_B
Mumbai,Route_C,16,7,Highway,1294,7.8,Medium,Route_B
Bangalore,Route_C,23,7,Urban,2640,42.9,High,Route_D
Bangalore,Route_D,8,2,Highway,111,35.23,Low,Route_C
Bangalore,Route_A,8,4,Rural,294,52.59,Low,Route_A
Hyderabad,Route_D,0,6,Highway,2637,51.59,High,Route_D
Kolkata,Route_A,1,3,Highway,2942,14.06,High,Route_D
Ahmedabad,Route_B,15,1,Highway,2329,78.27,High,Route_D
Ahmedabad,Route_A,0,6,Highway,755,19.02,Low,Route_C
Bangalore,Route_A,9,7,Highway,2021,38.4,High,Route_D
Delhi,Route_B,17,7,Rural,2841,41.61,High,Route_D
Hyderabad,Route_A,7,3,Urban,2177,65.98,High,Route_D
Chennai,Route_D,20,3,Highway,1719,12.44,Medium,Route_B
Delhi,Route_A,10,1,Rural,1219,37.15,Medium,Route_B
Pune,Route_B,22,3,Highway,877,52.14,Medium,Route_B
Pune,Route_D,1,2,Highway,543,21.14,Low,Route_C
Delhi,Route_B,7,1,Urban,397,52.06,Low,Route_A
Bangalore,Route_B,21,3,Highway,907,74.27,Medium,Route_B
Chennai,Route_C,7,5,Rural,1860,79.81,High,Route_D
Chennai,Route_C,16,6,Rural,944,7.43,Medium,Route_B
Hyderabad,Route_B,14,3,Urban,1115,22.67,Medium,Route_B
Chennai,Route_B,16,2,Highway,1484,28.27,Medium,Route_B
Pune,Route_B,22,4,Rural,1497,34.93,Medium,Route_B
Kolkata,Route_C,23,3,Highway,653,23.17,Low,Route_C
Bangalore,Route_C,12,7,Highway,2450,20.26,High,Route_D
Chennai,Route_A,18,7,Highway,520,76.59,Low,Route_A
Hyderabad,Route_A,4,7,Urban,1369,73.89,Medium,Route_B
Pune,Route_B,11,4,Highway,1360,8.52,Medium,Route_B
Kolkata,Route_D,0,7,Rural,284,30.41,Low,Route_C
Mumbai,Route_D,22,5,Highway,567,35.39,Low,Route_C
Mumbai,Route_C,4,3,Rural,2901,22.93,High,Route_D
Kolkata,Route_C,7,7,Highway,2510,52.17,High,Route_D
Pune,Route_C,12,1,Rural,1406,53.03,Medium,Route_B
Hyderabad,Route_B,7,4,Rural,1676,68.79,Medium,Route_B
Kolkata,Route_D,22,5,Highway,435,60.57,Low,Route_A
Bangalore,Route_A,10,1,Highway,2309,45.69,High,Route_D
Bangalore,Route_B,0,1,Rural,1597,54.02,Medium,Route_B
Mumbai,Route_A,12,1,Urban,2159,25.55,High,Route_D
Chennai,Route_A,18,1,Highway,1547,49.48,Medium,Route_B
Hyderabad,Route_B,23,3,Urban,687,41.69,Low,Route_C
Mumbai,Route_A,2,7,Highway,1981,15.0,High,Route_D
Chennai,Route_D,23,6,Highway,300,23.19,Low,Route_C
Chennai,Route_A,16,3,Highway,621,26.88,Low,Route_C
Ahmedabad,Route_D,4,3,Highway,1987,74.32,High,Route_D
Bangalore,Route_D,19,5,Urban,2652,22.28,High,Route_D
Pune,Route_D,20,5,Highway,1811,26.69,High,Route_D
Delhi,Route_C,7,7,Rural,887,32.7,Medium,Route_B
Pune,Route_A,13,6,Rural,159,54.78,Low,Route_A
Delhi,Route_B,3,5,Urban,677,13.87,Low,Route_C
Kolkata,Route_B,10,7,Highway,420,76.55,Low,Route_A
Bangalore,Route_A,19,7,Rural,1558,69.92,Medium,Route_B
Chennai,Route_C,14,2,Urban,2137,48.29,High,Route_D
Hyderabad,Route_C,18,6,Highway,1022,55.55,Medium,Route_B
Delhi,Route_D,6,5,Rural,1509,6.25,Medium,Route_B
Pune,Route_A,18,6,Rural,1794,30.42,Medium,Route_B
Chennai,Route_A,18,3,Urban,668,64.67,Low,Route_A
Delhi,Route_B,10,3,Highway,1201,10.81,Medium,Route_B
Delhi,Route_A,4,6,Highway,626,26.17,Low,Route_C
Ahmedabad,Route_C,4,2,Rural,2671,48.9,High,Route_D
Delhi,Route_A,21,2,Rural,2760,24.23,High,Route_D
Hyderabad,Route_B,7,6,Rural,2272,75.05,High,Route_D
Bangalore,Route_D,9,5,Highway,970,14.83,Medium,Route_B
Hyderabad,Route_B,5,4,Urban,379,64.8,Low,Route_A
Mumbai,Route_B,14,2,Urban,2769,43.1,High,Route_D
Chennai,Route_D,15,1,Highway,2993,61.27,High,Route_D
Bangalore,Route_B,16,3,Urban,1992,28.3,High,Route_D
Ahmedabad,Route_B,7,6,Rural,1851,43.59,High,Route_D
Bangalore,Route_A,7,1,Urban,773,69.26,Low,Route_A
Bangalore,Route_A,8,6,Urban,1251,40.02,Medium,Route_B
Pune,Route_D,1,7,Urban,2461,31.98,High,Route_D
Bangalore,Route_A,14,3,Rural,431,45.21,Low,Route_C
Ahmedabad,Route_A,17,3,Highway,1273,58.8,Medium,Route_B
Hyderabad,Route_B,2,2,Rural,2139,38.27,High,Route_D
Bangalore,Route_C,16,2,Highway,1577,75.42,Medium,Route_B
Kolkata,Route_A,3,1,Highway,135,27.12,Low,Route_C
Chennai,Route_C,3,7,Highway,1808,40.66,High,Route_D
Bangalore,Route_A,13,6,Urban,1543,61.77,Medium,Route_B
Chennai,Route_A,8,7,Urban,2353,56.68,High,Route_D
Kolkata,Route_D,8,3,Highway,2786,69.77,High,Route_D
Kolkata,Route_D,22,1,Highway,2995,79.76,High,Route_D
Chennai,Route_D,17,4,Urban,1479,37.01,Medium,Route_B
Delhi,Route_C,9,1,Rural,539,13.34,Low,Route_C
Mumbai,Route_B,20,5,Highway,2876,7.28,High,Route_D
Pune,Route_A,3,1,Rural,1219,59.52,Medium,Route_B
Delhi,Route_A,11,7,Urban,263,70.55,Low,Route_A
Delhi,Route_A,7,5,Highway,247,21.55,Low,Route_C
Hyderabad,Route_C,1,5,Rural,2441,16.88,High,Route_D
Pune,Route_D,21,5,Rural,294,9.67,Low,Route_C
Pune,Route_B,12,4,Rural,762,66.7,Low,Route_A
Delhi,Route_C,20,1,Urban,579,28.35,Low,Route_C
Bangalore,Route_D,15,7,Urban,222,35.13,Low,Route_C
Hyderabad,Route_C,1,1,Rural,1523,42.71,Medium,Route_B
Hyderabad,Route_B,10,4,Rural,2846,67.96,High,Route_D
Kolkata,Route_D,9,3,Urban,1064,53.81,Medium,Route_B
Ahmedabad,Route_C,14,2,Rural,2808,51.13,High,Route_D
Pune,Route_B,16,7,Rural,1878,18.18,High,Route_D
Delhi,Route_A,7,7,Urban,1585,43.49,Medium,Route_B
Kolkata,Route_B,17,1,Rural,2114,58.65,High,Route_D
Chennai,Route_A,22,2,Rural,809,77.99,Medium,Route_B
Mumbai,Route_C,8,6,Rural,2543,20.11,High,Route_D
Ahmedabad,Route_D,7,6,Urban,1011,5.72,Medium,Route_B
Ahmedabad,Route_D,13,4,Rural,1460,10.65,Medium,Route_B
Ahmedabad,Route_C,17,6,Urban,2464,33.19,High,Route_D
Hyderabad,Route_D,21,7,Urban,1834,66.54,High,Route_D
Chennai,Route_D,19,6,Highway,1923,5.54,High,Route_D
Ahmedabad,Route_A,19,3,Highway,1679,39.25,Medium,Route_B
Chennai,Route_C,20,3,Rural,780,29.69,Low,Route_C
Bangalore,Route_B,11,3,Urban,1433,8.94,Medium,Route_B
Ahmedabad,Route_A,18,6,Highway,2642,38.77,High,Route_D
Mumbai,Route_C,13,4,Rural,655,24.11,Low,Route_C
Chennai,Route_A,16,5,Highway,709,31.39,Low,Route_C
Chennai,Route_B,23,5,Highway,2256,57.92,High,Route_D
Mumbai,Route_B,20,2,Urban,471,44.12,Low,Route_C
Ahmedabad,Route_C,2,5,Urban,715,14.35,Low,Route_C
Mumbai,Route_B,22,5,Highway,2915,77.11,High,Route_D
Chennai,Route_A,6,3,Highway,2014,52.69,High,Route_D
Mumbai,Route_B,16,3,Urban,2353,62.44,High,Route_D
Chennai,Route_A,11,6,Rural,946,10.94,Medium,Route_B
Chennai,Route_A,8,2,Urban,142,8.53,Low,Route_C
Bangalore,Route_B,14,1,Highway,964,6.46,Medium,Route_B
Delhi,Route_C,17,7,Rural,1368,19.16,Medium,Route_B
Chennai,Route_D,20,2,Highway,1478,36.08,Medium,Route_B
Ahmedabad,Route_B,12,2,Rural,884,75.19,Medium,Route_B
Kolkata,Route_A,20,4,Highway,575,39.28,Low,Route_C
Hyderabad,Route_A,7,6,Rural,182,26.77,Low,Route_C
Pune,Route_B,13,4,Rural,1233,47.15,Medium,Route_B
Delhi,Route_C,7,2,Highway,2337,13.4,High,Route_D
Delhi,Route_C,13,2,Rural,899,50.71,Medium,Route_B
Delhi,Route_A,6,2,Urban,1035,47.63,Medium,Route_B
Bangalore,Route_A,22,5,Highway,2398,64.4,High,Route_D
Chennai,Route_C,11,7,Urban,2438,79.0,High,Route_D
Bangalore,Route_D,10,7,Highway,1768,23.82,Medium,Route_B
Chennai,Route_B,21,4,Rural,425,43.22,Low,Route_C
Ahmedabad,Route_A,21,2,Rural,1634,73.16,Medium,Route_B
Bangalore,Route_A,10,7,Rural,2085,63.89,High,Route_D
Bangalore,Route_C,21,3,Highway,2064,41.56,High,Route_D
Hyderabad,Route_B,12,7,Urban,936,75.9,Medium,Route_B
Kolkata,Route_C,17,6,Urban,607,9.29,Low,Route_C
Bangalore,Route_B,1,6,Highway,2878,74.82,High,Route_D
Hyderabad,Route_B,20,7,Highway,2219,8.79,High,Route_D
Mumbai,Route_B,14,3,Urban,1370,46.05,Medium,Route_B
Kolkata,Route_A,19,6,Urban,740,71.78,Low,Route_A
Ahmedabad,Route_D,17,5,Urban,1978,24.7,High,Route_D
Bangalore,Route_C,14,7,Urban,707,40.42,Low,Route_C
Pune,Route_D,18,5,Highway,2058,29.32,High,Route_D
Delhi,Route_C,22,7,Highway,665,76.41,Low,Route_A
Mumbai,Route_B,23,1,Rural,1467,66.77,Medium,Route_B
Mumbai,Route_A,11,1,Urban,2201,58.18,High,Route_D
Ahmedabad,Route_D,12,1,Rural,1853,49.07,High,Route_D
Hyderabad,Route_A,21,6,Highway,2675,66.54,High,Route_D
Mumbai,Route_C,10,5,Highway,2758,34.42,High,Route_D
Kolkata,Route_A,4,5,Rural,1681,38.57,Medium,Route_B
Bangalore,Route_A,0,5,Urban,2086,59.75,High,Route_D
Bangalore,Route_D,23,3,Urban,2340,31.83,High,Route_D
Pune,Route_B,2,5,Urban,2205,9.79,High,Route_D
Ahmedabad,Route_A,21,3,Urban,228,10.58,Low,Route_C
Delhi,Route_B,18,1,Rural,1972,13.65,High,Route_D
Hyderabad,Route_C,22,1,Rural,805,70.23,Medium,Route_B
Delhi,Route_A,6,6,Highway,951,40.42,Medium,Route_B
Mumbai,Route_D,11,7,Urban,107,58.47,Low,Route_A
Ahmedabad,Route_C,14,1,Urban,2176,34.47,High,Route_D
Pune,Route_C,4,7,Urban,1235,24.4,Medium,Route_B
Delhi,Route_D,14,7,Rural,2278,31.04,High,Route_D
Kolkata,Route_A,7,6,Urban,2335,64.56,High,Route_D
Bangalore,Route_A,9,2,Rural,1798,51.89,Medium,Route_B
Mumbai,Route_C,15,2,Urban,2856,75.32,High,Route_D
Pune,Route_A,7,4,Urban,1598,55.98,Medium,Route_B
Delhi,Route_B,0,6,Highway,2359,47.76,High,Route_D
Hyderabad,Route_D,11,4,Urban,1744,50.76,Medium,Route_B
Kolkata,Route_B,4,4,Urban,375,75.68,Low,Route_A
Kolkata,Route_A,2,2,Highway,1802,64.12,High,Route_D
Delhi,Route_C,0,6,Rural,1895,6.8,High,Route_D
Bangalore,Route_D,3,2,Rural,342,45.06,Low,Route_C
Delhi,Route_A,7,4,Urban,2832,56.63,High,Route_D
Mumbai,Route_A,2,6,Rural,270,61.15,Low,Route_A
Delhi,Route_C,9,4,Urban,752,20.99,Low,Route_C
Kolkata,Route_C,1,5,Highway,2032,70.04,High,Route_D
Pune,Route_B,10,7,Highway,2335,76.69,High,Route_D
Delhi,Route_D,9,6,Urban,1209,22.75,Medium,Route_B
Bangalore,Route_D,20,6,Highway,1599,71.2,Medium,Route_B
Ahmedabad,Route_C,13,7,Highway,2199,12.27,High,Route_D
Pune,Route_B,6,4,Urban,2258,9.18,High,Route_D
Hyderabad,Route_D,1,5,Urban,2072,14.69,High,Route_D
Chennai,Route_C,8,3,Highway,1166,9.33,Medium,Route_B
Delhi,Route_A,15,7,Rural,2358,68.38,High,Route_D
Bangalore,Route_D,12,2,Rural,2135,9.43,High,Route_D
Pune,Route_B,8,4,Urban,957,25.37,Medium,Route_B
Bangalore,Route_B,19,7,Urban,2774,12.78,High,Route_D
Hyderabad,Route_B,3,7,Rural,1149,27.16,Medium,Route_B
Kolkata,Route_A,21,6,Highway,398,11.79,Low,Route_C
Bangalore,Route_D,9,2,Rural,1023,55.1,Medium,Route_B
Pune,Route_D,21,2,Rural,236,15.0,Low,Route_C
Bangalore,Route_A,11,2,Rural,1143,68.89,Medium,Route_B
Bangalore,Route_D,16,7,Rural,2587,66.29,High,Route_D
Bangalore,Route_A,13,3,Urban,310,6.02,Low,Route_C
Mumbai,Route_A,13,1,Urban,2899,72.18,High,Route_D
Mumbai,Route_A,1,4,Highway,1674,7.17,Medium,Route_B
Kolkata,Route_B,20,1,Highway,2582,22.97,High,Route_D
Delhi,Route_D,19,7,Highway,879,7.43,Medium,Route_B
Bangalore,Route_A,10,1,Highway,1330,30.19,Medium,Route_B
Hyderabad,Route_D,15,7,Rural,2586,43.54,High,Route_D
Delhi,Route_B,18,1,Urban,1902,64.75,High,Route_D
Hyderabad,Route_A,22,2,Urban,2813,30.35,High,Route_D
Delhi,Route_C,5,5,Highway,1165,57.91,Medium,Route_B
Kolkata,Route_B,23,2,Highway,510,19.06,Low,Route_C
Bangalore,Route_C,18,2,Rural,2953,61.29,High,Route_D
Bangalore,Route_D,4,6,Rural,2757,22.7,High,Route_D
Chennai,Route_D,3,6,Highway,526,15.77,Low,Route_C
Hyderabad,Route_B,14,1,Urban,1571,18.91,Medium,Route_B
Delhi,Route_D,3,7,Urban,1041,18.65,Medium,Route_B
Delhi,Route_C,19,2,Urban,2007,43.46,High,Route_D
Ahmedabad,Route_A,9,1,Highway,841,68.36,Medium,Route_B
Ahmedabad,Route_A,23,6,Urban,1492,10.97,Medium,Route_B
Mumbai,Route_A,21,5,Rural,1343,58.02,Medium,Route_B
Chennai,Route_B,2,4,Rural,1700,54.08,Medium,Route_B
Pune,Route_D,4,1,Highway,1355,70.44,Medium,Route_B
Ahmedabad,Route_C,5,5,Rural,427,23.31,Low,Route_C
Pune,Route_D,20,4,Highway,1566,38.76,Medium,Route_B
Mumbai,Route_D,21,3,Urban,2199,74.44,High,Route_D
Mumbai,Route_D,7,1,Urban,2066,54.5,High,Route_D
Mumbai,Route_A,6,1,Urban,475,34.16,Low,Route_C
Hyderabad,Route_C,20,3,Rural,362,14.86,Low,Route_C
Hyderabad,Route_C,9,3,Highway,366,24.69,Low,Route_C
Kolkata,Route_D,5,1,Urban,2506,48.59,High,Route_D
Kolkata,Route_A,13,3,Highway,2044,58.86,High,Route_D
Mumbai,Route_A,3,2,Urban,1993,14.33,High,Route_D
Chennai,Route_C,12,4,Rural,2001,49.97,High,Route_D
Delhi,Route_A,19,4,Rural,2799,46.28,High,Route_D
Hyderabad,Route_A,16,4,Highway,1752,43.55,Medium,Route_B
Chennai,Route_A,22,2,Rural,1544,56.76,Medium,Route_B
Bangalore,Route_B,6,7,Rural,145,67.81,Low,Route_A
Hyderabad,Route_D,3,3,Highway,699,29.22,Low,Route_C
Hyderabad,Route_C,13,5,Urban,819,71.68,Medium,Route_B
Kolkata,Route_C,2,3,Rural,2012,17.05,High,Route_D
Delhi,Route_B,23,1,Highway,1392,17.98,Medium,Route_B
Delhi,Route_D,4,6,Rural,700,25.01,Low,Route_C
Ahmedabad,Route_C,15,4,Rural,480,13.96,Low,Route_C
Pune,Route_A,22,3,Rural,217,22.27,Low,Route_C
Pune,Route_C,19,5,Rural,2263,12.98,High,Route_D
Pune,Route_A,3,1,Highway,359,66.63,Low,Route_A
Pune,Route_B,23,2,Highway,1198,15.42,Medium,Route_B
Bangalore,Route_A,23,7,Highway,1603,61.05,Medium,Route_B
Bangalore,Route_C,1,2,Rural,2452,8.59,High,Route_D
Hyderabad,Route_C,17,5,Rural,2154,76.14,High,Route_D
Mumbai,Route_C,18,1,Rural,465,58.34,Low,Route_A
Kolkata,Route_B,18,4,Highway,1757,5.51,Medium,Route_B
Kolkata,Route_B,16,3,Rural,2670,62.29,High,Route_D
Pune,Route_D,13,1,Urban,1561,43.56,Medium,Route_B
Hyderabad,Route_C,18,7,Rural,2124,63.45,High,Route_D
Ahmedabad,Route_A,21,2,Urban,2576,44.19,High,Route_D
Chennai,Route_B,23,7,Rural,890,53.08,Medium,Route_B
Mumbai,Route_C,12,7,Highway,846,63.97,Medium,Route_B
Hyderabad,Route_C,11,5,Rural,2514,35.38,High,Route_D
Mumbai,Route_B,5,5,Urban,412,5.2,Low,Route_C
Mumbai,Route_D,20,3,Urban,637,68.75,Low,Route_A
Mumbai,Route_B,3,5,Rural,1020,33.57,Medium,Route_B
Hyderabad,Route_B,18,5,Urban,1177,42.2,Medium,Route_B
Pune,Route_A,15,1,Urban,1590,5.58,Medium,Route_B
Kolkata,Route_A,12,4,Highway,2929,41.91,High,Route_D
Kolkata,Route_D,3,3,Rural,2481,78.99,High,Route_D
Pune,Route_C,22,1,Rural,897,25.87,Medium,Route_B
Mumbai,Route_B,16,4,Rural,447,34.66,Low,Route_C
Chennai,Route_D,22,7,Urban,372,56.54,Low,Route_A
Delhi,Route_A,0,1,Rural,819,66.11,Medium,Route_B
Hyderabad,Route_B,17,6,Rural,1873,36.3,High,Route_D
Delhi,Route_C,19,1,Highway,2647,28.23,High,Route_D
Ahmedabad,Route_A,16,5,Highway,784,75.34,Low,Route_A
Pune,Route_A,14,4,Highway,2226,55.79,High,Route_D
Chennai,Route_A,10,3,Urban,721,13.93,Low,Route_C
Hyderabad,Route_D,21,3,Rural,2139,10.17,High,Route_D
Pune,Route_C,12,4,Highway,1046,41.27,Medium,Route_B
Mumbai,Route_B,0,5,Highway,2505,21.51,High,Route_D
Kolkata,Route_D,16,2,Highway,2765,24.05,High,Route_D
Delhi,Route_D,5,1,Rural,606,70.83,Low,Route_A
Bangalore,Route_D,3,5,Rural,1682,11.72,Medium,Route_B
Bangalore,Route_A,19,6,Rural,2723,58.65,High,Route_D
Chennai,Route_C,15,7,Urban,343,25.34,Low,Route_C
Mumbai,Route_D,14,4,Urban,605,62.02,Low,Route_A
Ahmedabad,Route_B,14,1,Highway,521,59.18,Low,Route_A
Delhi,Route_C,5,3,Rural,2364,5.55,High,Route_D
Mumbai,Route_B,14,7,Highway,1972,43.19,High,Route_D
Delhi,Route_C,13,2,Rural,1292,15.45,Medium,Route_B
Chennai,Route_B,10,6,Rural,429,69.97,Low,Route_A
Chennai,Route_A,6,3,Rural,749,70.37,Low,Route_A
Ahmedabad,Route_D,8,4,Urban,1564,36.38,Medium,Route_B
Bangalore,Route_B,15,1,Urban,490,38.33,Low,Route_C
Mumbai,Route_C,4,4,Rural,1619,27.75,Medium,Route_B
Hyderabad,Route_D,19,7,Highway,480,58.75,Low,Route_A
Bangalore,Route_D,9,1,Rural,841,31.9,Medium,Route_B
Mumbai,Route_C,17,5,Rural,2110,25.08,High,Route_D
Bangalore,Route_B,2,2,Highway,919,37.42,Medium,Route_B
Hyderabad,Route_A,12,5,Rural,772,11.86,Low,Route_C
Kolkata,Route_A,10,5,Highway,2660,61.0,High,Route_D
Kolkata,Route_B,16,4,Urban,1871,5.94,High,Route_D
Ahmedabad,Route_D,21,7,Urban,1311,53.34,Medium,Route_B
Kolkata,Route_D,12,2,Highway,1029,18.71,Medium,Route_B
Kolkata,Route_D,5,1,Urban,1639,22.43,Medium,Route_B
Pune,Route_D,16,1,Urban,1012,52.67,Medium,Route_B
Delhi,Route_B,12,6,Highway,743,79.47,Low,Route_A
Pune,Route_D,18,3,Urban,526,63.33,Low,Route_A
Pune,Route_C,20,6,Rural,601,21.94,Low,Route_C
Ahmedabad,Route_D,18,6,Rural,829,18.2,Medium,Route_B
Pune,Route_A,9,1,Highway,1383,69.97,Medium,Route_B
Kolkata,Route_D,2,4,Urban,2218,38.31,High,Route_D
Hyderabad,Route_B,13,5,Rural,2625,15.28,High,Route_D
Ahmedabad,Route_A,18,7,Rural,556,69.67,Low,Route_A
Ahmedabad,Route_B,4,5,Urban,2336,66.21,High,Route_D
Chennai,Route_B,4,5,Urban,390,78.79,Low,Route_A
Ahmedabad,Route_A,19,2,Rural,1019,73.23,Medium,Route_B
Chennai,Route_B,16,1,Rural,2439,68.88,High,Route_D
Ahmedabad,Route_B,20,7,Highway,2069,8.94,High,Route_D
Delhi,Route_D,9,4,Highway,855,12.83,Medium,Route_B
Kolkata,Route_C,4,2,Rural,1758,47.67,Medium,Route_B
Ahmedabad,Route_B,3,3,Highway,1934,44.86,High,Route_D
Kolkata,Route_B,5,4,Rural,1406,39.35,Medium,Route_B
Kolkata,Route_B,3,6,Rural,1667,34.76,Medium,Route_B
Bangalore,Route_D,6,4,Highway,1969,37.34,High,Route_D
Ahmedabad,Route_C,6,4,Highway,476,47.7,Low,Route_C
Mumbai,Route_A,17,5,Urban,1279,5.16,Medium,Route_B
Bangalore,Route_D,2,4,Urban,607,24.55,Low,Route_C
Mumbai,Route_D,0,6,Urban,1536,43.87,Medium,Route_B
Kolkata,Route_C,23,6,Rural,2675,59.17,High,Route_D
Kolkata,Route_C,3,1,Highway,658,18.06,Low,Route_C
Bangalore,Route_D,5,4,Rural,2407,46.02,High,Route_D
